scenario,trajectory_id,t,forecast_fraction,is_forecast_horizon
tpeak_minus_14,0,21,0.007291982416063547,True
tpeak_minus_14,0,22,0.008272354491055012,True
tpeak_minus_14,0,23,0.008995255455374718,True
tpeak_minus_14,0,24,0.009679535403847694,True
tpeak_minus_14,0,25,0.010653050616383553,True
tpeak_minus_14,0,26,0.011446475982666016,True
tpeak_minus_14,0,27,0.01228299643844366,True
tpeak_minus_14,0,28,0.013069972395896912,True
tpeak_minus_14,0,29,0.013603747822344303,True
tpeak_minus_14,0,30,0.01379957515746355,True
tpeak_minus_14,0,31,0.01398977916687727,True
tpeak_minus_14,0,32,0.014356164261698723,True
tpeak_minus_14,0,33,0.014700819738209248,True
tpeak_minus_14,0,34,0.015000955201685429,True
tpeak_minus_14,1,21,0.007081066258251667,True
tpeak_minus_14,1,22,0.00810179766267538,True
tpeak_minus_14,1,23,0.008876826614141464,True
tpeak_minus_14,1,24,0.009614655748009682,True
tpeak_minus_14,1,25,0.010641227476298809,True
tpeak_minus_14,1,26,0.011491338722407818,True
tpeak_minus_14,1,27,0.01239070389419794,True
tpeak_minus_14,1,28,0.013249772600829601,True
tpeak_minus_14,1,29,0.013862444087862968,True
tpeak_minus_14,1,30,0.014137358404695988,True
tpeak_minus_14,1,31,0.014409149996936321,True
tpeak_minus_14,1,32,0.01486437302082777,True
tpeak_minus_14,1,33,0.015299072489142418,True
tpeak_minus_14,1,34,0.01568746007978916,True
tpeak_minus_14,2,21,0.007116442080587149,True
tpeak_minus_14,2,22,0.00814802385866642,True
tpeak_minus_14,2,23,0.00891492236405611,True
tpeak_minus_14,2,24,0.009628253057599068,True
tpeak_minus_14,2,25,0.010616212151944637,True
tpeak_minus_14,2,26,0.011415735818445683,True
tpeak_minus_14,2,27,0.012254426255822182,True
tpeak_minus_14,2,28,0.013045300729572773,True
tpeak_minus_14,2,29,0.013588810339570045,True
tpeak_minus_14,2,30,0.013800708577036858,True
tpeak_minus_14,2,31,0.014010623097419739,True
tpeak_minus_14,2,32,0.014397019520401955,True
tpeak_minus_14,2,33,0.01475774496793747,True
tpeak_minus_14,2,34,0.015066497959196568,True
tpeak_minus_14,3,21,0.006608091294765472,True
tpeak_minus_14,3,22,0.007538710255175829,True
tpeak_minus_14,3,23,0.008244997821748257,True
tpeak_minus_14,3,24,0.008920125663280487,True
tpeak_minus_14,3,25,0.009864755906164646,True
tpeak_minus_14,3,26,0.010647045448422432,True
tpeak_minus_14,3,27,0.01147853210568428,True
tpeak_minus_14,3,28,0.012281919829547405,True
tpeak_minus_14,3,29,0.0128744812682271,True
tpeak_minus_14,3,30,0.013178112916648388,True
tpeak_minus_14,3,31,0.01350681483745575,True
tpeak_minus_14,3,32,0.014036810956895351,True
tpeak_minus_14,3,33,0.014578106813132763,True
tpeak_minus_14,3,34,0.015108189545571804,True
tpeak_minus_14,4,21,0.00653888238593936,True
tpeak_minus_14,4,22,0.007495150435715914,True
tpeak_minus_14,4,23,0.00820767879486084,True
tpeak_minus_14,4,24,0.00886706355959177,True
tpeak_minus_14,4,25,0.00977320782840252,True
tpeak_minus_14,4,26,0.010499287396669388,True
tpeak_minus_14,4,27,0.011257658712565899,True
tpeak_minus_14,4,28,0.011974972672760487,True
tpeak_minus_14,4,29,0.01247752457857132,True
tpeak_minus_14,4,30,0.012695616111159325,True
tpeak_minus_14,4,31,0.012933106161653996,True
tpeak_minus_14,4,32,0.013349770568311214,True
tpeak_minus_14,4,33,0.01375108864158392,True
tpeak_minus_14,4,34,0.014106635004281998,True
tpeak_minus_14,5,21,0.008391249924898148,True
tpeak_minus_14,5,22,0.009579544886946678,True
tpeak_minus_14,5,23,0.01042082253843546,True
tpeak_minus_14,5,24,0.011175385676324368,True
tpeak_minus_14,5,25,0.012229685671627522,True
tpeak_minus_14,5,26,0.013046474196016788,True
tpeak_minus_14,5,27,0.01387875247746706,True
tpeak_minus_14,5,28,0.014609846286475658,True
tpeak_minus_14,5,29,0.01500144973397255,True
tpeak_minus_14,5,30,0.01496210228651762,True
tpeak_minus_14,5,31,0.01486175786703825,True
tpeak_minus_14,5,32,0.014891405589878559,True
tpeak_minus_14,5,33,0.014839144423604012,True
tpeak_minus_14,5,34,0.014686841517686844,True
tpeak_minus_14,6,21,0.00811455026268959,True
tpeak_minus_14,6,22,0.009373333305120468,True
tpeak_minus_14,6,23,0.01030105073004961,True
tpeak_minus_14,6,24,0.011143525131046772,True
tpeak_minus_14,6,25,0.012287181802093983,True
tpeak_minus_14,6,26,0.01319835614413023,True
tpeak_minus_14,6,27,0.014134922996163368,True
tpeak_minus_14,6,28,0.014981692656874657,True
tpeak_minus_14,6,29,0.0154905766248703,True
tpeak_minus_14,6,30,0.015554919838905334,True
tpeak_minus_14,6,31,0.015547201037406921,True
tpeak_minus_14,6,32,0.015663284808397293,True
tpeak_minus_14,6,33,0.015679048374295235,True
tpeak_minus_14,6,34,0.015572247095406055,True
tpeak_minus_14,7,21,0.008030974306166172,True
tpeak_minus_14,7,22,0.009354040957987309,True
tpeak_minus_14,7,23,0.010368614457547665,True
tpeak_minus_14,7,24,0.011313298717141151,True
tpeak_minus_14,7,25,0.012581641785800457,True
tpeak_minus_14,7,26,0.01363303791731596,True
tpeak_minus_14,7,27,0.014733072370290756,True
tpeak_minus_14,7,28,0.015762904658913612,True
tpeak_minus_14,7,29,0.016458122059702873,True
tpeak_minus_14,7,30,0.016701258718967438,True
tpeak_minus_14,7,31,0.016896555200219154,True
tpeak_minus_14,7,32,0.01727132499217987,True
tpeak_minus_14,7,33,0.017584852874279022,True
tpeak_minus_14,7,34,0.017799725756049156,True
tpeak_minus_14,8,21,0.0077914828434586525,True
tpeak_minus_14,8,22,0.009049673564732075,True
tpeak_minus_14,8,23,0.009974213317036629,True
tpeak_minus_14,8,24,0.010803241282701492,True
tpeak_minus_14,8,25,0.011915742419660091,True
tpeak_minus_14,8,26,0.01279905904084444,True
tpeak_minus_14,8,27,0.013708380050957203,True
tpeak_minus_14,8,28,0.014536697417497635,True
tpeak_minus_14,8,29,0.015044580213725567,True
tpeak_minus_14,8,30,0.01512177474796772,True
tpeak_minus_14,8,31,0.015115856193006039,True
tpeak_minus_14,8,32,0.01520085334777832,True
tpeak_minus_14,8,33,0.015147334896028042,True
tpeak_minus_14,8,34,0.014931030571460724,True
tpeak_minus_14,9,21,0.007851291447877884,True
tpeak_minus_14,9,22,0.009000650607049465,True
tpeak_minus_14,9,23,0.009905263781547546,True
tpeak_minus_14,9,24,0.010794034227728844,True
tpeak_minus_14,9,25,0.01203238870948553,True
tpeak_minus_14,9,26,0.01309337466955185,True
tpeak_minus_14,9,27,0.01422195415943861,True
tpeak_minus_14,9,28,0.01530019287019968,True
tpeak_minus_14,9,29,0.01607452891767025,True
tpeak_minus_14,9,30,0.01643931120634079,True
tpeak_minus_14,9,31,0.016807008534669876,True
tpeak_minus_14,9,32,0.01742454804480076,True
tpeak_minus_14,9,33,0.018066100776195526,True
tpeak_minus_14,9,34,0.01869441568851471,True
tpeak_minus_14,10,21,0.006302461493760347,True
tpeak_minus_14,10,22,0.007335640024393797,True
tpeak_minus_14,10,23,0.008184097707271576,True
tpeak_minus_14,10,24,0.009020058438181877,True
tpeak_minus_14,10,25,0.010144355706870556,True
tpeak_minus_14,10,26,0.011118059046566486,True
tpeak_minus_14,10,27,0.012161425314843655,True
tpeak_minus_14,10,28,0.013198970817029476,True
tpeak_minus_14,10,29,0.014033308252692223,True
tpeak_minus_14,10,30,0.014570899307727814,True
tpeak_minus_14,10,31,0.01515954826027155,True
tpeak_minus_14,10,32,0.016018904745578766,True
tpeak_minus_14,10,33,0.01695410907268524,True
tpeak_minus_14,10,34,0.017936822026968002,True
tpeak_minus_14,11,21,0.009642541408538818,True
tpeak_minus_14,11,22,0.011112397536635399,True
tpeak_minus_14,11,23,0.01226073782891035,True
tpeak_minus_14,11,24,0.01338877622038126,True
tpeak_minus_14,11,25,0.014961827546358109,True
tpeak_minus_14,11,26,0.01631796918809414,True
tpeak_minus_14,11,27,0.017728853970766068,True
tpeak_minus_14,11,28,0.01900048926472664,True
tpeak_minus_14,11,29,0.01978507824242115,True
tpeak_minus_14,11,30,0.01995711214840412,True
tpeak_minus_14,11,31,0.02003338746726513,True
tpeak_minus_14,11,32,0.020291656255722046,True
tpeak_minus_14,11,33,0.020441295579075813,True
tpeak_minus_14,11,34,0.020448818802833557,True
tpeak_minus_14,12,21,0.005736168008297682,True
tpeak_minus_14,12,22,0.006631581112742424,True
tpeak_minus_14,12,23,0.007310325279831886,True
tpeak_minus_14,12,24,0.007934692315757275,True
tpeak_minus_14,12,25,0.00877179205417633,True
tpeak_minus_14,12,26,0.009440292604267597,True
tpeak_minus_14,12,27,0.010134769603610039,True
tpeak_minus_14,12,28,0.010797243565320969,True
tpeak_minus_14,12,29,0.01128158438950777,True
tpeak_minus_14,12,30,0.011533716693520546,True
tpeak_minus_14,12,31,0.011833354830741882,True
tpeak_minus_14,12,32,0.012326390482485294,True
tpeak_minus_14,12,33,0.012827626429498196,True
tpeak_minus_14,12,34,0.013298113830387592,True
tpeak_minus_14,13,21,0.005744936875998974,True
tpeak_minus_14,13,22,0.006682141683995724,True
tpeak_minus_14,13,23,0.007386473938822746,True
tpeak_minus_14,13,24,0.008020670153200626,True
tpeak_minus_14,13,25,0.008857371285557747,True
tpeak_minus_14,13,26,0.00951435137540102,True
tpeak_minus_14,13,27,0.01019070204347372,True
tpeak_minus_14,13,28,0.010829385370016098,True
tpeak_minus_14,13,29,0.011284601874649525,True
tpeak_minus_14,13,30,0.011503102257847786,True
tpeak_minus_14,13,31,0.01176353171467781,True
tpeak_minus_14,13,32,0.012207054533064365,True
tpeak_minus_14,13,33,0.012643885798752308,True
tpeak_minus_14,13,34,0.013029655441641808,True
tpeak_minus_14,14,21,0.008776909671723843,True
tpeak_minus_14,14,22,0.010122322477400303,True
tpeak_minus_14,14,23,0.011206848546862602,True
tpeak_minus_14,14,24,0.012288087978959084,True
tpeak_minus_14,14,25,0.013784045353531837,True
tpeak_minus_14,14,26,0.015087272971868515,True
tpeak_minus_14,14,27,0.0164603590965271,True
tpeak_minus_14,14,28,0.017746558412909508,True
tpeak_minus_14,14,29,0.018644610419869423,True
tpeak_minus_14,14,30,0.0190469678491354,True
tpeak_minus_14,14,31,0.01944723352789879,True
tpeak_minus_14,14,32,0.02012353576719761,True
tpeak_minus_14,14,33,0.020793434232473373,True
tpeak_minus_14,14,34,0.02140427753329277,True
tpeak_minus_14,15,21,0.009743674658238888,True
tpeak_minus_14,15,22,0.011249088682234287,True
tpeak_minus_14,15,23,0.012452561408281326,True
tpeak_minus_14,15,24,0.01364589761942625,True
tpeak_minus_14,15,25,0.015293054282665253,True
tpeak_minus_14,15,26,0.016709037125110626,True
tpeak_minus_14,15,27,0.018165698274970055,True
tpeak_minus_14,15,28,0.019472165033221245,True
tpeak_minus_14,15,29,0.020295923575758934,True
tpeak_minus_14,15,30,0.020532092079520226,True
tpeak_minus_14,15,31,0.02071782760322094,True
tpeak_minus_14,15,32,0.021135875955224037,True
tpeak_minus_14,15,33,0.021480189636349678,True
tpeak_minus_14,15,34,0.0217104721814394,True
tpeak_minus_14,16,21,0.01004301942884922,True
tpeak_minus_14,16,22,0.011370548978447914,True
tpeak_minus_14,16,23,0.01230847928673029,True
tpeak_minus_14,16,24,0.01317023579031229,True
tpeak_minus_14,16,25,0.014401356689631939,True
tpeak_minus_14,16,26,0.015347468666732311,True
tpeak_minus_14,16,27,0.01627565734088421,True
tpeak_minus_14,16,28,0.01701769232749939,True
tpeak_minus_14,16,29,0.01728288270533085,True
tpeak_minus_14,16,30,0.016987664625048637,True
tpeak_minus_14,16,31,0.016592606902122498,True
tpeak_minus_14,16,32,0.016334813088178635,True
tpeak_minus_14,16,33,0.015991397202014923,True
tpeak_minus_14,16,34,0.015553365461528301,True
tpeak_minus_14,17,21,0.010034998878836632,True
tpeak_minus_14,17,22,0.011484693735837936,True
tpeak_minus_14,17,23,0.012603895738720894,True
tpeak_minus_14,17,24,0.013701051473617554,True
tpeak_minus_14,17,25,0.01524202898144722,True
tpeak_minus_14,17,26,0.016538672149181366,True
tpeak_minus_14,17,27,0.01785995252430439,True
tpeak_minus_14,17,28,0.019012395292520523,True
tpeak_minus_14,17,29,0.019666330888867378,True
tpeak_minus_14,17,30,0.01972261629998684,True
tpeak_minus_14,17,31,0.019708041101694107,True
tpeak_minus_14,17,32,0.019900279119610786,True
tpeak_minus_14,17,33,0.020018815994262695,True
tpeak_minus_14,17,34,0.02003554068505764,True
tpeak_minus_14,18,21,0.009529849514365196,True
tpeak_minus_14,18,22,0.010975662618875504,True
tpeak_minus_14,18,23,0.01213026326149702,True
tpeak_minus_14,18,24,0.013277091085910797,True
tpeak_minus_14,18,25,0.014865953475236893,True
tpeak_minus_14,18,26,0.016231719404459,True
tpeak_minus_14,18,27,0.017642859369516373,True
tpeak_minus_14,18,28,0.018918361514806747,True
tpeak_minus_14,18,29,0.019736820831894875,True
tpeak_minus_14,18,30,0.01999567076563835,True
tpeak_minus_14,18,31,0.020219402387738228,True
tpeak_minus_14,18,32,0.02068883180618286,True
tpeak_minus_14,18,33,0.021107496693730354,True
tpeak_minus_14,18,34,0.021432140842080116,True
tpeak_minus_14,19,21,0.004984833300113678,True
tpeak_minus_14,19,22,0.005821447353810072,True
tpeak_minus_14,19,23,0.006500567775219679,True
tpeak_minus_14,19,24,0.0071552349254488945,True
tpeak_minus_14,19,25,0.008021146059036255,True
tpeak_minus_14,19,26,0.008748549036681652,True
tpeak_minus_14,19,27,0.009513833560049534,True
tpeak_minus_14,19,28,0.010267958045005798,True
tpeak_minus_14,19,29,0.010878314264118671,True
tpeak_minus_14,19,30,0.011294981464743614,True
tpeak_minus_14,19,31,0.01179267093539238,True
tpeak_minus_14,19,32,0.012525178492069244,True
tpeak_minus_14,19,33,0.01331520825624466,True
tpeak_minus_14,19,34,0.014128625392913818,True
tpeak_minus_14,20,21,0.00982147827744484,True
tpeak_minus_14,20,22,0.011227797716856003,True
tpeak_minus_14,20,23,0.01232267078012228,True
tpeak_minus_14,20,24,0.013402653858065605,True
tpeak_minus_14,20,25,0.014919650740921497,True
tpeak_minus_14,20,26,0.016199618577957153,True
tpeak_minus_14,20,27,0.017509177327156067,True
tpeak_minus_14,20,28,0.018665585666894913,True
tpeak_minus_14,20,29,0.019351933151483536,True
tpeak_minus_14,20,30,0.019472679123282433,True
tpeak_minus_14,20,31,0.019546154886484146,True
tpeak_minus_14,20,32,0.019848139956593513,True
tpeak_minus_14,20,33,0.02009883150458336,True
tpeak_minus_14,20,34,0.020264144986867905,True
tpeak_minus_14,21,21,0.010701065883040428,True
tpeak_minus_14,21,22,0.01257378701120615,True
tpeak_minus_14,21,23,0.014156384393572807,True
tpeak_minus_14,21,24,0.015767140313982964,True
tpeak_minus_14,21,25,0.017936144024133682,True
tpeak_minus_14,21,26,0.01984351873397827,True
tpeak_minus_14,21,27,0.02178957499563694,True
tpeak_minus_14,21,28,0.02357356995344162,True
tpeak_minus_14,21,29,0.024830864742398262,True
tpeak_minus_14,21,30,0.02540919929742813,True
tpeak_minus_14,21,31,0.02589922770857811,True
tpeak_minus_14,21,32,0.026616014540195465,True
tpeak_minus_14,21,33,0.027196215465664864,True
tpeak_minus_14,21,34,0.02763545699417591,True
tpeak_minus_14,22,21,0.010029257275164127,True
tpeak_minus_14,22,22,0.011510461568832397,True
tpeak_minus_14,22,23,0.012677686288952827,True
tpeak_minus_14,22,24,0.0138328792527318,True
tpeak_minus_14,22,25,0.015442362986505032,True
tpeak_minus_14,22,26,0.01680685766041279,True
tpeak_minus_14,22,27,0.018195929005742073,True
tpeak_minus_14,22,28,0.019414078444242477,True
tpeak_minus_14,22,29,0.02012956142425537,True
tpeak_minus_14,22,30,0.02024371363222599,True
tpeak_minus_14,22,31,0.02029412053525448,True
tpeak_minus_14,22,32,0.02056214027106762,True
tpeak_minus_14,22,33,0.02075459435582161,True
tpeak_minus_14,22,34,0.0208401158452034,True
tpeak_minus_14,23,21,0.004349774681031704,True
tpeak_minus_14,23,22,0.004955381620675325,True
tpeak_minus_14,23,23,0.005404934287071228,True
tpeak_minus_14,23,24,0.005822590086609125,True
tpeak_minus_14,23,25,0.006401742808520794,True
tpeak_minus_14,23,26,0.0068601761013269424,True
tpeak_minus_14,23,27,0.007338266354054213,True
tpeak_minus_14,23,28,0.007794915232807398,True
tpeak_minus_14,23,29,0.008131271228194237,True
tpeak_minus_14,23,30,0.008320997469127178,True
tpeak_minus_14,23,31,0.008581685833632946,True
tpeak_minus_14,23,32,0.00903672818094492,True
tpeak_minus_14,23,33,0.009565141052007675,True
tpeak_minus_14,23,34,0.010140483267605305,True
tpeak_minus_14,24,21,0.0043708146549761295,True
tpeak_minus_14,24,22,0.00504310242831707,True
tpeak_minus_14,24,23,0.005569775588810444,True
tpeak_minus_14,24,24,0.006070347037166357,True
tpeak_minus_14,24,25,0.0067445142194628716,True
tpeak_minus_14,24,26,0.0072957659140229225,True
tpeak_minus_14,24,27,0.007871638052165508,True
tpeak_minus_14,24,28,0.00843028724193573,True
tpeak_minus_14,24,29,0.008865982294082642,True
tpeak_minus_14,24,30,0.009148122742772102,True
tpeak_minus_14,24,31,0.009512904100120068,True
tpeak_minus_14,24,32,0.010096023790538311,True
tpeak_minus_14,24,33,0.01076028123497963,True
tpeak_minus_14,24,34,0.011473066173493862,True
tpeak_minus_14,25,21,0.009849077090620995,True
tpeak_minus_14,25,22,0.011312239803373814,True
tpeak_minus_14,25,23,0.012476297095417976,True
tpeak_minus_14,25,24,0.01363444235175848,True
tpeak_minus_14,25,25,0.01524523738771677,True
tpeak_minus_14,25,26,0.01661992445588112,True
tpeak_minus_14,25,27,0.018028244376182556,True
tpeak_minus_14,25,28,0.019284823909401894,True
tpeak_minus_14,25,29,0.020069804042577744,True
tpeak_minus_14,25,30,0.020288625732064247,True
tpeak_minus_14,25,31,0.0204769279807806,True
tpeak_minus_14,25,32,0.020917659625411034,True
tpeak_minus_14,25,33,0.021312322467565536,True
tpeak_minus_14,25,34,0.021622158586978912,True
tpeak_minus_14,26,21,0.004021199885755777,True
tpeak_minus_14,26,22,0.004633521195501089,True
tpeak_minus_14,26,23,0.0051021273247897625,True
tpeak_minus_14,26,24,0.0055374871008098125,True
tpeak_minus_14,26,25,0.006122374441474676,True
tpeak_minus_14,26,26,0.006587940733879805,True
tpeak_minus_14,26,27,0.007069467566907406,True
tpeak_minus_14,26,28,0.007529870141297579,True
tpeak_minus_14,26,29,0.007876149378716946,True
tpeak_minus_14,26,30,0.008084652945399284,True
tpeak_minus_14,26,31,0.008368597365915775,True
tpeak_minus_14,26,32,0.008851397782564163,True
tpeak_minus_14,26,33,0.009417485445737839,True
tpeak_minus_14,26,34,0.01004110649228096,True
tpeak_minus_14,27,21,0.010740772821009159,True
tpeak_minus_14,27,22,0.012275232933461666,True
tpeak_minus_14,27,23,0.01346126664429903,True
tpeak_minus_14,27,24,0.014626765623688698,True
tpeak_minus_14,27,25,0.01626088097691536,True
tpeak_minus_14,27,26,0.017615439370274544,True
tpeak_minus_14,27,27,0.018966257572174072,True
tpeak_minus_14,27,28,0.02011139877140522,True
tpeak_minus_14,27,29,0.020723680034279823,True
tpeak_minus_14,27,30,0.0207205917686224,True
tpeak_minus_14,27,31,0.02066010795533657,True
tpeak_minus_14,27,32,0.02082735300064087,True
tpeak_minus_14,27,33,0.020928774029016495,True
tpeak_minus_14,27,34,0.02094200998544693,True
tpeak_minus_14,28,21,0.0051716286689043045,True
tpeak_minus_14,28,22,0.0061132595874369144,True
tpeak_minus_14,28,23,0.006842113099992275,True
tpeak_minus_14,28,24,0.007503385655581951,True
tpeak_minus_14,28,25,0.008357166312634945,True
tpeak_minus_14,28,26,0.009050738997757435,True
tpeak_minus_14,28,27,0.00977757852524519,True
tpeak_minus_14,28,28,0.01049012504518032,True
tpeak_minus_14,28,29,0.011051952838897705,True
tpeak_minus_14,28,30,0.011410071514546871,True
tpeak_minus_14,28,31,0.011837213300168514,True
tpeak_minus_14,28,32,0.01247564796358347,True
tpeak_minus_14,28,33,0.013128956779837608,True
tpeak_minus_14,28,34,0.013740958645939827,True
tpeak_minus_14,29,21,0.003379989415407181,True
tpeak_minus_14,29,22,0.003792825387790799,True
tpeak_minus_14,29,23,0.004074087832123041,True
tpeak_minus_14,29,24,0.004320112522691488,True
tpeak_minus_14,29,25,0.0046722241677343845,True
tpeak_minus_14,29,26,0.004921395797282457,True
tpeak_minus_14,29,27,0.00517086498439312,True
tpeak_minus_14,29,28,0.005391677841544151,True
tpeak_minus_14,29,29,0.00551842013373971,True
tpeak_minus_14,29,30,0.005540103651583195,True
tpeak_minus_14,29,31,0.005607824772596359,True
tpeak_minus_14,29,32,0.005803673528134823,True
tpeak_minus_14,29,33,0.006052947603166103,True
tpeak_minus_14,29,34,0.0063468278385698795,True
tpeak_minus_7,0,28,0.014877567067742348,True
tpeak_minus_7,0,29,0.015680374577641487,True
tpeak_minus_7,0,30,0.016085388138890266,True
tpeak_minus_7,0,31,0.01647586189210415,True
tpeak_minus_7,0,32,0.017080428078770638,True
tpeak_minus_7,0,33,0.017672309651970863,True
tpeak_minus_7,0,34,0.01821255497634411,True
tpeak_minus_7,0,35,0.01825750432908535,True
tpeak_minus_7,0,36,0.018021706491708755,True
tpeak_minus_7,0,37,0.01755046285688877,True
tpeak_minus_7,0,38,0.017135869711637497,True
tpeak_minus_7,0,39,0.016531938686966896,True
tpeak_minus_7,0,40,0.015687452629208565,True
tpeak_minus_7,0,41,0.01483906526118517,True
tpeak_minus_7,1,28,0.014924990013241768,True
tpeak_minus_7,1,29,0.015556205064058304,True
tpeak_minus_7,1,30,0.015773236751556396,True
tpeak_minus_7,1,31,0.015954049304127693,True
tpeak_minus_7,1,32,0.016308100894093513,True
tpeak_minus_7,1,33,0.016607865691184998,True
tpeak_minus_7,1,34,0.01682094670832157,True
tpeak_minus_7,1,35,0.01655593514442444,True
tpeak_minus_7,1,36,0.016036195680499077,True
tpeak_minus_7,1,37,0.015318606048822403,True
tpeak_minus_7,1,38,0.014665107242763042,True
tpeak_minus_7,1,39,0.013865754008293152,True
tpeak_minus_7,1,40,0.012887713499367237,True
tpeak_minus_7,1,41,0.011933269910514355,True
tpeak_minus_7,2,28,0.01567768305540085,True
tpeak_minus_7,2,29,0.016476182267069817,True
tpeak_minus_7,2,30,0.01683391071856022,True
tpeak_minus_7,2,31,0.01715865731239319,True
tpeak_minus_7,2,32,0.017689485102891922,True
tpeak_minus_7,2,33,0.018186114728450775,True
tpeak_minus_7,2,34,0.01860576681792736,True
tpeak_minus_7,2,35,0.018502485007047653,True
tpeak_minus_7,2,36,0.018111882731318474,True
tpeak_minus_7,2,37,0.017493057996034622,True
tpeak_minus_7,2,38,0.01694263331592083,True
tpeak_minus_7,2,39,0.01621621660888195,True
tpeak_minus_7,2,40,0.01526557095348835,True
tpeak_minus_7,2,41,0.014322544448077679,True
tpeak_minus_7,3,28,0.016031676903367043,True
tpeak_minus_7,3,29,0.01682352088391781,True
tpeak_minus_7,3,30,0.017156090587377548,True
tpeak_minus_7,3,31,0.01745467633008957,True
tpeak_minus_7,3,32,0.017969626933336258,True
tpeak_minus_7,3,33,0.018460296094417572,True
tpeak_minus_7,3,34,0.018886748701334,True
tpeak_minus_7,3,35,0.018800655379891396,True
tpeak_minus_7,3,36,0.018443044275045395,True
tpeak_minus_7,3,37,0.017870662733912468,True
tpeak_minus_7,3,38,0.017379801720380783,True
tpeak_minus_7,3,39,0.01671331748366356,True
tpeak_minus_7,3,40,0.015814129263162613,True
tpeak_minus_7,3,41,0.014917884021997452,True
tpeak_minus_7,4,28,0.014781996607780457,True
tpeak_minus_7,4,29,0.015385376289486885,True
tpeak_minus_7,4,30,0.015567054972052574,True
tpeak_minus_7,4,31,0.015684349462389946,True
tpeak_minus_7,4,32,0.015926210209727287,True
tpeak_minus_7,4,33,0.01606038585305214,True
tpeak_minus_7,4,34,0.016058867797255516,True
tpeak_minus_7,4,35,0.015562685206532478,True
tpeak_minus_7,4,36,0.014805556274950504,True
tpeak_minus_7,4,37,0.01385605987161398,True
tpeak_minus_7,4,38,0.012961058877408504,True
tpeak_minus_7,4,39,0.011940754018723965,True
tpeak_minus_7,4,40,0.010785411112010479,True
tpeak_minus_7,4,41,0.009682731702923775,True
tpeak_minus_7,5,28,0.01615787297487259,True
tpeak_minus_7,5,29,0.016640957444906235,True
tpeak_minus_7,5,30,0.016612036153674126,True
tpeak_minus_7,5,31,0.01648852229118347,True
tpeak_minus_7,5,32,0.01649504527449608,True
tpeak_minus_7,5,33,0.01640511490404606,True
tpeak_minus_7,5,34,0.01620285026729107,True
tpeak_minus_7,5,35,0.015540273860096931,True
tpeak_minus_7,5,36,0.014666136354207993,True
tpeak_minus_7,5,37,0.013650715351104736,True
tpeak_minus_7,5,38,0.012730401940643787,True
tpeak_minus_7,5,39,0.011717935092747211,True
tpeak_minus_7,5,40,0.010594275780022144,True
tpeak_minus_7,5,41,0.009535416029393673,True
tpeak_minus_7,6,28,0.01688719540834427,True
tpeak_minus_7,6,29,0.01759239472448826,True
tpeak_minus_7,6,30,0.017795732244849205,True
tpeak_minus_7,6,31,0.017957167699933052,True
tpeak_minus_7,6,32,0.018335992470383644,True
tpeak_minus_7,6,33,0.018682073801755905,True
tpeak_minus_7,6,34,0.01895877532660961,True
tpeak_minus_7,6,35,0.018728766590356827,True
tpeak_minus_7,6,36,0.018247580155730247,True
tpeak_minus_7,6,37,0.017575308680534363,True
tpeak_minus_7,6,38,0.016999617218971252,True
tpeak_minus_7,6,39,0.01626303791999817,True
tpeak_minus_7,6,40,0.015309244394302368,True
tpeak_minus_7,6,41,0.014367100782692432,True
tpeak_minus_7,7,28,0.011975966393947601,True
tpeak_minus_7,7,29,0.012560554780066013,True
tpeak_minus_7,7,30,0.01287766546010971,True
tpeak_minus_7,7,31,0.013222596608102322,True
tpeak_minus_7,7,32,0.013743363320827484,True
tpeak_minus_7,7,33,0.014221493154764175,True
tpeak_minus_7,7,34,0.01460797619074583,True
tpeak_minus_7,7,35,0.014549033716320992,True
tpeak_minus_7,7,36,0.014224360696971416,True
tpeak_minus_7,7,37,0.01367318443953991,True
tpeak_minus_7,7,38,0.013126893900334835,True
tpeak_minus_7,7,39,0.01240724977105856,True
tpeak_minus_7,7,40,0.011501937173306942,True
tpeak_minus_7,7,41,0.010609430260956287,True
tpeak_minus_7,8,28,0.011232474818825722,True
tpeak_minus_7,8,29,0.011743859387934208,True
tpeak_minus_7,8,30,0.012010530568659306,True
tpeak_minus_7,8,31,0.012318728491663933,True
tpeak_minus_7,8,32,0.01281294971704483,True
tpeak_minus_7,8,33,0.013291718438267708,True
tpeak_minus_7,8,34,0.013707071542739868,True
tpeak_minus_7,8,35,0.013722090981900692,True
tpeak_minus_7,8,36,0.013498676009476185,True
tpeak_minus_7,8,37,0.013066641986370087,True
tpeak_minus_7,8,38,0.01263965293765068,True
tpeak_minus_7,8,39,0.012040750123560429,True
tpeak_minus_7,8,40,0.011252213269472122,True
tpeak_minus_7,8,41,0.010466008447110653,True
tpeak_minus_7,9,28,0.016333315521478653,True
tpeak_minus_7,9,29,0.01667364127933979,True
tpeak_minus_7,9,30,0.016501862555742264,True
tpeak_minus_7,9,31,0.016251035034656525,True
tpeak_minus_7,9,32,0.01614631712436676,True
tpeak_minus_7,9,33,0.015964029356837273,True
tpeak_minus_7,9,34,0.01568826660513878,True
tpeak_minus_7,9,35,0.01498216763138771,True
tpeak_minus_7,9,36,0.014085257425904274,True
tpeak_minus_7,9,37,0.013061047531664371,True
tpeak_minus_7,9,38,0.012131468392908573,True
tpeak_minus_7,9,39,0.011115498840808868,True
tpeak_minus_7,9,40,0.009997121058404446,True
tpeak_minus_7,9,41,0.008946026675403118,True
tpeak_minus_7,10,28,0.010595082305371761,True
tpeak_minus_7,10,29,0.011232146993279457,True
tpeak_minus_7,10,30,0.011666483245790005,True
tpeak_minus_7,10,31,0.01217862032353878,True
tpeak_minus_7,10,32,0.012927250936627388,True
tpeak_minus_7,10,33,0.013733545318245888,True
tpeak_minus_7,10,34,0.014568791724741459,True
tpeak_minus_7,10,35,0.015078220516443253,True
tpeak_minus_7,10,36,0.015407499857246876,True
tpeak_minus_7,10,37,0.015552367083728313,True
tpeak_minus_7,10,38,0.01573394238948822,True
tpeak_minus_7,10,39,0.015712164342403412,True
tpeak_minus_7,10,40,0.015422756783664227,True
tpeak_minus_7,10,41,0.01509332936257124,True
tpeak_minus_7,11,28,0.01750088483095169,True
tpeak_minus_7,11,29,0.01789572462439537,True
tpeak_minus_7,11,30,0.017713604494929314,True
tpeak_minus_7,11,31,0.017424875870347023,True
tpeak_minus_7,11,32,0.017275739461183548,True
tpeak_minus_7,11,33,0.017028065398335457,True
tpeak_minus_7,11,34,0.01666739210486412,True
tpeak_minus_7,11,35,0.015842583030462265,True
tpeak_minus_7,11,36,0.014816713519394398,True
tpeak_minus_7,11,37,0.013661597855389118,True
tpeak_minus_7,11,38,0.01261002104729414,True
tpeak_minus_7,11,39,0.011472567915916443,True
tpeak_minus_7,11,40,0.010235952213406563,True
tpeak_minus_7,11,41,0.009078694507479668,True
tpeak_minus_7,12,28,0.009841697290539742,True
tpeak_minus_7,12,29,0.010389434173703194,True
tpeak_minus_7,12,30,0.010752569884061813,True
tpeak_minus_7,12,31,0.011195888742804527,True
tpeak_minus_7,12,32,0.01186920702457428,True
tpeak_minus_7,12,33,0.012609216384589672,True
tpeak_minus_7,12,34,0.013388589024543762,True
tpeak_minus_7,12,35,0.013882563449442387,True
tpeak_minus_7,12,36,0.014230034314095974,True
tpeak_minus_7,12,37,0.014431506395339966,True
tpeak_minus_7,12,38,0.014691540971398354,True
tpeak_minus_7,12,39,0.014781072735786438,True
tpeak_minus_7,12,40,0.014630064368247986,True
tpeak_minus_7,12,41,0.01444750651717186,True
tpeak_minus_7,13,28,0.008038802072405815,True
tpeak_minus_7,13,29,0.008287277072668076,True
tpeak_minus_7,13,30,0.008369541727006435,True
tpeak_minus_7,13,31,0.00850320141762495,True
tpeak_minus_7,13,32,0.008802331052720547,True
tpeak_minus_7,13,33,0.009139466099441051,True
tpeak_minus_7,13,34,0.009484587237238884,True
tpeak_minus_7,13,35,0.00959524605423212,True
tpeak_minus_7,13,36,0.009566056542098522,True
tpeak_minus_7,13,37,0.009402100928127766,True
tpeak_minus_7,13,38,0.0092454943805933,True
tpeak_minus_7,13,39,0.008958320133388042,True
tpeak_minus_7,13,40,0.008514936082065105,True
tpeak_minus_7,13,41,0.008052811957895756,True
tpeak_minus_7,14,28,0.008395250886678696,True
tpeak_minus_7,14,29,0.008806963451206684,True
tpeak_minus_7,14,30,0.009062372148036957,True
tpeak_minus_7,14,31,0.009396739304065704,True
tpeak_minus_7,14,32,0.00994446687400341,True
tpeak_minus_7,14,33,0.010571460239589214,True
tpeak_minus_7,14,34,0.011248414404690266,True
tpeak_minus_7,14,35,0.011690756306052208,True
tpeak_minus_7,14,36,0.012008871883153915,True
tpeak_minus_7,14,37,0.012206453830003738,True
tpeak_minus_7,14,38,0.012461435981094837,True
tpeak_minus_7,14,39,0.012578891590237617,True
tpeak_minus_7,14,40,0.012492730282247066,True
tpeak_minus_7,14,41,0.01237700879573822,True
tpeak_minus_7,15,28,0.0193929485976696,True
tpeak_minus_7,15,29,0.02009306475520134,True
tpeak_minus_7,15,30,0.02020195685327053,True
tpeak_minus_7,15,31,0.02025831677019596,True
tpeak_minus_7,15,32,0.020544005557894707,True
tpeak_minus_7,15,33,0.0207676962018013,True
tpeak_minus_7,15,34,0.020898301154375076,True
tpeak_minus_7,15,35,0.020477209240198135,True
tpeak_minus_7,15,36,0.019804712384939194,True
tpeak_minus_7,15,37,0.01894742250442505,True
tpeak_minus_7,15,38,0.018206849694252014,True
tpeak_minus_7,15,39,0.017298199236392975,True
tpeak_minus_7,15,40,0.016161508858203888,True
tpeak_minus_7,15,41,0.015041358768939972,True
tpeak_minus_7,16,28,0.008129090070724487,True
tpeak_minus_7,16,29,0.00849936343729496,True
tpeak_minus_7,16,30,0.008716565556824207,True
tpeak_minus_7,16,31,0.009007398039102554,True
tpeak_minus_7,16,32,0.00950051099061966,True
tpeak_minus_7,16,33,0.010067703202366829,True
tpeak_minus_7,16,34,0.010680802166461945,True
tpeak_minus_7,16,35,0.011068005114793777,True
tpeak_minus_7,16,36,0.011332524009048939,True
tpeak_minus_7,16,37,0.0114778196439147,True
tpeak_minus_7,16,38,0.011673243716359138,True
tpeak_minus_7,16,39,0.011738364584743977,True
tpeak_minus_7,16,40,0.011613981798291206,True
tpeak_minus_7,16,41,0.011462953872978687,True
tpeak_minus_7,17,28,0.01973602920770645,True
tpeak_minus_7,17,29,0.020357521250844002,True
tpeak_minus_7,17,30,0.020362593233585358,True
tpeak_minus_7,17,31,0.02029975689947605,True
tpeak_minus_7,17,32,0.02045178972184658,True
tpeak_minus_7,17,33,0.02053038962185383,True
tpeak_minus_7,17,34,0.02051239088177681,True
tpeak_minus_7,17,35,0.019957803189754486,True
tpeak_minus_7,17,36,0.019170667976140976,True
tpeak_minus_7,17,37,0.01821940392255783,True
tpeak_minus_7,17,38,0.017393767833709717,True
tpeak_minus_7,17,39,0.016419265419244766,True
tpeak_minus_7,17,40,0.015240615233778954,True
tpeak_minus_7,17,41,0.014089934527873993,True
tpeak_minus_7,18,28,0.007995779626071453,True
tpeak_minus_7,18,29,0.008342249318957329,True
tpeak_minus_7,18,30,0.008537724614143372,True
tpeak_minus_7,18,31,0.008806283585727215,True
tpeak_minus_7,18,32,0.009273221716284752,True
tpeak_minus_7,18,33,0.009810871444642544,True
tpeak_minus_7,18,34,0.010386273264884949,True
tpeak_minus_7,18,35,0.01072589959949255,True
tpeak_minus_7,18,36,0.010920033790171146,True
tpeak_minus_7,18,37,0.01096500363200903,True
tpeak_minus_7,18,38,0.011020327918231487,True
tpeak_minus_7,18,39,0.010916758328676224,True
tpeak_minus_7,18,40,0.010608633048832417,True
tpeak_minus_7,18,41,0.01025546994060278,True
tpeak_minus_7,19,28,0.020322177559137344,True
tpeak_minus_7,19,29,0.021099690347909927,True
tpeak_minus_7,19,30,0.021254971623420715,True
tpeak_minus_7,19,31,0.021346498280763626,True
tpeak_minus_7,19,32,0.02166130393743515,True
tpeak_minus_7,19,33,0.021887242794036865,True
tpeak_minus_7,19,34,0.02199430763721466,True
tpeak_minus_7,19,35,0.021507540717720985,True
tpeak_minus_7,19,36,0.02075033076107502,True
tpeak_minus_7,19,37,0.019796336069703102,True
tpeak_minus_7,19,38,0.01896175928413868,True
tpeak_minus_7,19,39,0.017949877306818962,True
tpeak_minus_7,19,40,0.016700558364391327,True
tpeak_minus_7,19,41,0.015468340367078781,True
tpeak_minus_7,20,28,0.007390725426375866,True
tpeak_minus_7,20,29,0.00766042061150074,True
tpeak_minus_7,20,30,0.007786687929183245,True
tpeak_minus_7,20,31,0.00797492079436779,True
tpeak_minus_7,20,32,0.008339382708072662,True
tpeak_minus_7,20,33,0.008768374100327492,True
tpeak_minus_7,20,34,0.009239401668310165,True
tpeak_minus_7,20,35,0.00951691810041666,True
tpeak_minus_7,20,36,0.009686333127319813,True
tpeak_minus_7,20,37,0.009745169430971146,True
tpeak_minus_7,20,38,0.009834685362875462,True
tpeak_minus_7,20,39,0.009803637862205505,True
tpeak_minus_7,20,40,0.009607505053281784,True
tpeak_minus_7,20,41,0.00938448403030634,True
tpeak_minus_7,21,28,0.008085455745458603,True
tpeak_minus_7,21,29,0.008414044044911861,True
tpeak_minus_7,21,30,0.00858332123607397,True
tpeak_minus_7,21,31,0.008815363049507141,True
tpeak_minus_7,21,32,0.009229590184986591,True
tpeak_minus_7,21,33,0.009691085666418076,True
tpeak_minus_7,21,34,0.010159287601709366,True
tpeak_minus_7,21,35,0.010359659790992737,True
tpeak_minus_7,21,36,0.010377501137554646,True
tpeak_minus_7,21,37,0.010209653526544571,True
tpeak_minus_7,21,38,0.010009702295064926,True
tpeak_minus_7,21,39,0.00963316485285759,True
tpeak_minus_7,21,40,0.009062760509550571,True
tpeak_minus_7,21,41,0.008456878364086151,True
tpeak_minus_7,22,28,0.0074839345179498196,True
tpeak_minus_7,22,29,0.007740858010947704,True
tpeak_minus_7,22,30,0.007847955450415611,True
tpeak_minus_7,22,31,0.008011307567358017,True
tpeak_minus_7,22,32,0.008341480977833271,True
tpeak_minus_7,22,33,0.00872044637799263,True
tpeak_minus_7,22,34,0.00911906361579895,True
tpeak_minus_7,22,35,0.009298841468989849,True
tpeak_minus_7,22,36,0.009340640157461166,True
tpeak_minus_7,22,37,0.009239877574145794,True
tpeak_minus_7,22,38,0.00913012120872736,True
tpeak_minus_7,22,39,0.008873436599969864,True
tpeak_minus_7,22,40,0.008444780483841896,True
tpeak_minus_7,22,41,0.007983234710991383,True
tpeak_minus_7,23,28,0.01915026269853115,True
tpeak_minus_7,23,29,0.019396768882870674,True
tpeak_minus_7,23,30,0.019016223028302193,True
tpeak_minus_7,23,31,0.018542954698204994,True
tpeak_minus_7,23,32,0.018242981284856796,True
tpeak_minus_7,23,33,0.017863290384411812,True
tpeak_minus_7,23,34,0.017393827438354492,True
tpeak_minus_7,23,35,0.016473833471536636,True
tpeak_minus_7,23,36,0.015376470983028412,True
tpeak_minus_7,23,37,0.014166600070893764,True
tpeak_minus_7,23,38,0.013074269518256187,True
tpeak_minus_7,23,39,0.011894640512764454,True
tpeak_minus_7,23,40,0.010609496384859085,True
tpeak_minus_7,23,41,0.009402811527252197,True
tpeak_minus_7,24,28,0.01961122453212738,True
tpeak_minus_7,24,29,0.019613154232501984,True
tpeak_minus_7,24,30,0.018910640850663185,True
tpeak_minus_7,24,31,0.01805555820465088,True
tpeak_minus_7,24,32,0.017312120646238327,True
tpeak_minus_7,24,33,0.01644001342356205,True
tpeak_minus_7,24,34,0.015443582087755203,True
tpeak_minus_7,24,35,0.014034328982234001,True
tpeak_minus_7,24,36,0.012503947131335735,True
tpeak_minus_7,24,37,0.010952245444059372,True
tpeak_minus_7,24,38,0.009592301212251186,True
tpeak_minus_7,24,39,0.008292309939861298,True
tpeak_minus_7,24,40,0.007059462368488312,True
tpeak_minus_7,24,41,0.006012156140059233,True
tpeak_minus_7,25,28,0.006375632714480162,True
tpeak_minus_7,25,29,0.006645848974585533,True
tpeak_minus_7,25,30,0.006799503695219755,True
tpeak_minus_7,25,31,0.0070182993076741695,True
tpeak_minus_7,25,32,0.00740897236391902,True
tpeak_minus_7,25,33,0.007880503311753273,True
tpeak_minus_7,25,34,0.008418620564043522,True
tpeak_minus_7,25,35,0.008808182552456856,True
tpeak_minus_7,25,36,0.009116983972489834,True
tpeak_minus_7,25,37,0.00932987593114376,True
tpeak_minus_7,25,38,0.00957206916064024,True
tpeak_minus_7,25,39,0.009692121297121048,True
tpeak_minus_7,25,40,0.009639561176300049,True
tpeak_minus_7,25,41,0.009548189118504524,True
tpeak_minus_7,26,28,0.0206286683678627,True
tpeak_minus_7,26,29,0.020587120205163956,True
tpeak_minus_7,26,30,0.01972786709666252,True
tpeak_minus_7,26,31,0.01863030716776848,True
tpeak_minus_7,26,32,0.017573406919836998,True
tpeak_minus_7,26,33,0.01632598228752613,True
tpeak_minus_7,26,34,0.014927191659808159,True
tpeak_minus_7,26,35,0.013153553940355778,True
tpeak_minus_7,26,36,0.011346706189215183,True
tpeak_minus_7,26,37,0.00963712576776743,True
tpeak_minus_7,26,38,0.008221723139286041,True
tpeak_minus_7,26,39,0.006967592053115368,True
tpeak_minus_7,26,40,0.005850489716976881,True
tpeak_minus_7,26,41,0.00493469787761569,True
tpeak_minus_7,27,28,0.005545747932046652,True
tpeak_minus_7,27,29,0.005770632065832615,True
tpeak_minus_7,27,30,0.0058892578817903996,True
tpeak_minus_7,27,31,0.006063677836209536,True
tpeak_minus_7,27,32,0.006390423979610205,True
tpeak_minus_7,27,33,0.006796190515160561,True
tpeak_minus_7,27,34,0.0072756800800561905,True
tpeak_minus_7,27,35,0.007650402840226889,True
tpeak_minus_7,27,36,0.007983782328665257,True
tpeak_minus_7,27,37,0.008263512514531612,True
tpeak_minus_7,27,38,0.008598707616329193,True
tpeak_minus_7,27,39,0.008851319551467896,True
tpeak_minus_7,27,40,0.008968845009803772,True
tpeak_minus_7,27,41,0.009069913998246193,True
tpeak_minus_7,28,28,0.0054006618447601795,True
tpeak_minus_7,28,29,0.005551613867282867,True
tpeak_minus_7,28,30,0.005597575102001429,True
tpeak_minus_7,28,31,0.005689949728548527,True
tpeak_minus_7,28,32,0.005911554209887981,True
tpeak_minus_7,28,33,0.00618545338511467,True
tpeak_minus_7,28,34,0.006500552408397198,True
tpeak_minus_7,28,35,0.006695825606584549,True
tpeak_minus_7,28,36,0.006832133512943983,True
tpeak_minus_7,28,37,0.006902358494699001,True
tpeak_minus_7,28,38,0.006997163873165846,True
tpeak_minus_7,28,39,0.0069992453791201115,True
tpeak_minus_7,28,40,0.006868893746286631,True
tpeak_minus_7,28,41,0.006701400503516197,True
tpeak_minus_7,29,28,0.02070470154285431,True
tpeak_minus_7,29,29,0.020777326077222824,True
tpeak_minus_7,29,30,0.020156553015112877,True
tpeak_minus_7,29,31,0.019426245242357254,True
tpeak_minus_7,29,32,0.018865851685404778,True
tpeak_minus_7,29,33,0.018213490024209023,True
tpeak_minus_7,29,34,0.017466183751821518,True
tpeak_minus_7,29,35,0.016271229833364487,True
tpeak_minus_7,29,36,0.014913002960383892,True
tpeak_minus_7,29,37,0.013462300412356853,True
tpeak_minus_7,29,38,0.012145807966589928,True
tpeak_minus_7,29,39,0.010782484896481037,True
tpeak_minus_7,29,40,0.009377491660416126,True
tpeak_minus_7,29,41,0.008109630085527897,True
tpeak_plus_7,0,42,0.011741808615624905,True
tpeak_plus_7,0,43,0.011234873905777931,True
tpeak_plus_7,0,44,0.01061116624623537,True
tpeak_plus_7,0,45,0.009895084425807,True
tpeak_plus_7,0,46,0.009114501066505909,True
tpeak_plus_7,0,47,0.008301296271383762,True
tpeak_plus_7,0,48,0.007492394652217627,True
tpeak_plus_7,0,49,0.006669790484011173,True
tpeak_plus_7,0,50,0.005899602081626654,True
tpeak_plus_7,0,51,0.005154259968549013,True
tpeak_plus_7,0,52,0.004492079373449087,True
tpeak_plus_7,0,53,0.003927113022655249,True
tpeak_plus_7,0,54,0.0033604674972593784,True
tpeak_plus_7,0,55,0.002926585962995887,True
tpeak_plus_7,1,42,0.012198205105960369,True
tpeak_plus_7,1,43,0.01178609486669302,True
tpeak_plus_7,1,44,0.011244055815041065,True
tpeak_plus_7,1,45,0.010592672042548656,True
tpeak_plus_7,1,46,0.009856753051280975,True
tpeak_plus_7,1,47,0.009066970087587833,True
tpeak_plus_7,1,48,0.008261984214186668,True
tpeak_plus_7,1,49,0.007422209717333317,True
tpeak_plus_7,1,50,0.006622824817895889,True
tpeak_plus_7,1,51,0.005835809279233217,True
tpeak_plus_7,1,52,0.005129695404320955,True
tpeak_plus_7,1,53,0.004523568786680698,True
tpeak_plus_7,1,54,0.003905253717675805,True
tpeak_plus_7,1,55,0.00343182566575706,True
tpeak_plus_7,2,42,0.015604417771100998,True
tpeak_plus_7,2,43,0.015380044467747211,True
tpeak_plus_7,2,44,0.014956671744585037,True
tpeak_plus_7,2,45,0.014351367019116879,True
tpeak_plus_7,2,46,0.01358866784721613,True
tpeak_plus_7,2,47,0.012703575193881989,True
tpeak_plus_7,2,48,0.011746370233595371,True
tpeak_plus_7,2,49,0.01068939734250307,True
tpeak_plus_7,2,50,0.009645598009228706,True
tpeak_plus_7,2,51,0.00858413428068161,True
tpeak_plus_7,2,52,0.007616637274622917,True
tpeak_plus_7,2,53,0.0067823040299117565,True
tpeak_plus_7,2,54,0.005918852984905243,True
tpeak_plus_7,2,55,0.005265542771667242,True
tpeak_plus_7,3,42,0.015191475860774517,True
tpeak_plus_7,3,43,0.01474700402468443,True
tpeak_plus_7,3,44,0.014115424826741219,True
tpeak_plus_7,3,45,0.013321678154170513,True
tpeak_plus_7,3,46,0.012399026192724705,True
tpeak_plus_7,3,47,0.011391352862119675,True
tpeak_plus_7,3,48,0.010355301201343536,True
tpeak_plus_7,3,49,0.009275841526687145,True
tpeak_plus_7,3,50,0.008255474269390106,True
tpeak_plus_7,3,51,0.007263894192874432,True
tpeak_plus_7,3,52,0.006386324763298035,True
tpeak_plus_7,3,53,0.005642768926918507,True
tpeak_plus_7,3,54,0.0048880805261433125,True
tpeak_plus_7,3,55,0.004314023535698652,True
tpeak_plus_7,4,42,0.01228410005569458,True
tpeak_plus_7,4,43,0.011656521819531918,True
tpeak_plus_7,4,44,0.010908640921115875,True
tpeak_plus_7,4,45,0.010072533041238785,True
tpeak_plus_7,4,46,0.009183898568153381,True
tpeak_plus_7,4,47,0.00828071404248476,True
tpeak_plus_7,4,48,0.007402661722153425,True
tpeak_plus_7,4,49,0.006531788967549801,True
tpeak_plus_7,4,50,0.005730531644076109,True
tpeak_plus_7,4,51,0.004968308378010988,True
tpeak_plus_7,4,52,0.004298017360270023,True
tpeak_plus_7,4,53,0.0037298453971743584,True
tpeak_plus_7,4,54,0.0031679640524089336,True
tpeak_plus_7,4,55,0.002738146809861064,True
tpeak_plus_7,5,42,0.00958960596472025,True
tpeak_plus_7,5,43,0.009102122858166695,True
tpeak_plus_7,5,44,0.008535281755030155,True
tpeak_plus_7,5,45,0.007910366170108318,True
tpeak_plus_7,5,46,0.007249237038195133,True
tpeak_plus_7,5,47,0.006575165782123804,True
tpeak_plus_7,5,48,0.0059143961407244205,True
tpeak_plus_7,5,49,0.005249787587672472,True
tpeak_plus_7,5,50,0.004631198476999998,True
tpeak_plus_7,5,51,0.004035553894937038,True
tpeak_plus_7,5,52,0.0035078306682407856,True
tpeak_plus_7,5,53,0.0030584170017391443,True
tpeak_plus_7,5,54,0.002609920222312212,True
tpeak_plus_7,5,55,0.0022664519492536783,True
tpeak_plus_7,6,42,0.009186703711748123,True
tpeak_plus_7,6,43,0.008577100932598114,True
tpeak_plus_7,6,44,0.00791037455201149,True
tpeak_plus_7,6,45,0.007211669813841581,True
tpeak_plus_7,6,46,0.006504582241177559,True
tpeak_plus_7,6,47,0.005811184179037809,True
tpeak_plus_7,6,48,0.0051534115336835384,True
tpeak_plus_7,6,49,0.004513729363679886,True
tpeak_plus_7,6,50,0.003932065796107054,True
tpeak_plus_7,6,51,0.0033853992354124784,True
tpeak_plus_7,6,52,0.0029086575377732515,True
tpeak_plus_7,6,53,0.0025072521530091763,True
tpeak_plus_7,6,54,0.0021155299618840218,True
tpeak_plus_7,6,55,0.001816453062929213,True
tpeak_plus_7,7,42,0.008965975604951382,True
tpeak_plus_7,7,43,0.008501886390149593,True
tpeak_plus_7,7,44,0.007971054874360561,True
tpeak_plus_7,7,45,0.00739289540797472,True
tpeak_plus_7,7,46,0.006786372512578964,True
tpeak_plus_7,7,47,0.006171132437884808,True
tpeak_plus_7,7,48,0.005569486878812313,True
tpeak_plus_7,7,49,0.004963145591318607,True
tpeak_plus_7,7,50,0.004397513810545206,True
tpeak_plus_7,7,51,0.003849752014502883,True
tpeak_plus_7,7,52,0.0033623322378844023,True
tpeak_plus_7,7,53,0.0029456301126629114,True
tpeak_plus_7,7,54,0.002525545423850417,True
tpeak_plus_7,7,55,0.0022032088600099087,True
tpeak_plus_7,8,42,0.00779342046007514,True
tpeak_plus_7,8,43,0.007120682392269373,True
tpeak_plus_7,8,44,0.006428989116102457,True
tpeak_plus_7,8,45,0.0057422928512096405,True
tpeak_plus_7,8,46,0.00507907010614872,True
tpeak_plus_7,8,47,0.004453672096133232,True
tpeak_plus_7,8,48,0.0038788544479757547,True
tpeak_plus_7,8,49,0.003337644971907139,True
tpeak_plus_7,8,50,0.0028566373512148857,True
tpeak_plus_7,8,51,0.0024161941837519407,True
tpeak_plus_7,8,52,0.002038986189290881,True
tpeak_plus_7,8,53,0.0017258707666769624,True
tpeak_plus_7,8,54,0.001429550931788981,True
tpeak_plus_7,8,55,0.00120465864893049,True
tpeak_plus_7,9,42,0.009701519273221493,True
tpeak_plus_7,9,43,0.00919614639133215,True
tpeak_plus_7,9,44,0.008604513481259346,True
tpeak_plus_7,9,45,0.007950115948915482,True
tpeak_plus_7,9,46,0.007257005665451288,True
tpeak_plus_7,9,47,0.006550742778927088,True
tpeak_plus_7,9,48,0.005859721451997757,True
tpeak_plus_7,9,49,0.00516899861395359,True
tpeak_plus_7,9,50,0.004529274068772793,True
tpeak_plus_7,9,51,0.003918602596968412,True
tpeak_plus_7,9,52,0.0033807873260229826,True
tpeak_plus_7,9,53,0.0029248916544020176,True
tpeak_plus_7,9,54,0.0024761275853961706,True
tpeak_plus_7,9,55,0.002132735913619399,True
tpeak_plus_7,10,42,0.007176209706813097,True
tpeak_plus_7,10,43,0.0063974144868552685,True
tpeak_plus_7,10,44,0.0056480965577065945,True
tpeak_plus_7,10,45,0.004943823907524347,True
tpeak_plus_7,10,46,0.0042922780849039555,True
tpeak_plus_7,10,47,0.003698053304105997,True
tpeak_plus_7,10,48,0.0031660820823162794,True
tpeak_plus_7,10,49,0.0026787081733345985,True
tpeak_plus_7,10,50,0.0022546558175235987,True
tpeak_plus_7,10,51,0.0018758104415610433,True
tpeak_plus_7,10,52,0.0015575271099805832,True
tpeak_plus_7,10,53,0.0012977059232071042,True
tpeak_plus_7,10,54,0.0010586498538032174,True
tpeak_plus_7,10,55,0.0008792122243903577,True
tpeak_plus_7,11,42,0.012874675914645195,True
tpeak_plus_7,11,43,0.012080873362720013,True
tpeak_plus_7,11,44,0.011151217855513096,True
tpeak_plus_7,11,45,0.010132532566785812,True
tpeak_plus_7,11,46,0.009077302180230618,True
tpeak_plus_7,11,47,0.008037418127059937,True
tpeak_plus_7,11,48,0.007058882154524326,True
tpeak_plus_7,11,49,0.006124531850218773,True
tpeak_plus_7,11,50,0.005288038402795792,True
tpeak_plus_7,11,51,0.004513998050242662,True
tpeak_plus_7,11,52,0.003844975959509611,True
tpeak_plus_7,11,53,0.003284838981926441,True
tpeak_plus_7,11,54,0.0027461203280836344,True
tpeak_plus_7,11,55,0.0023360084742307663,True
tpeak_plus_7,12,42,0.013166941702365875,True
tpeak_plus_7,12,43,0.013125145807862282,True
tpeak_plus_7,12,44,0.012929487973451614,True
tpeak_plus_7,12,45,0.012586407363414764,True
tpeak_plus_7,12,46,0.012107178568840027,True
tpeak_plus_7,12,47,0.011511935852468014,True
tpeak_plus_7,12,48,0.010835378430783749,True
tpeak_plus_7,12,49,0.010040988214313984,True
tpeak_plus_7,12,50,0.009224300272762775,True
tpeak_plus_7,12,51,0.00834942888468504,True
tpeak_plus_7,12,52,0.0075219240970909595,True
tpeak_plus_7,12,53,0.006785056088119745,True
tpeak_plus_7,12,54,0.0059833102859556675,True
tpeak_plus_7,12,55,0.005366364493966103,True
tpeak_plus_7,13,42,0.008855560794472694,True
tpeak_plus_7,13,43,0.008373726159334183,True
tpeak_plus_7,13,44,0.007827240973711014,True
tpeak_plus_7,13,45,0.007236646953970194,True
tpeak_plus_7,13,46,0.006621253211051226,True
tpeak_plus_7,13,47,0.006000523921102285,True
tpeak_plus_7,13,48,0.005396190565079451,True
tpeak_plus_7,13,49,0.004790533799678087,True
tpeak_plus_7,13,50,0.004227442666888237,True
tpeak_plus_7,13,51,0.0036848552990704775,True
tpeak_plus_7,13,52,0.003203369677066803,True
tpeak_plus_7,13,53,0.0027923998422920704,True
tpeak_plus_7,13,54,0.002381435129791498,True
tpeak_plus_7,13,55,0.002065737033262849,True
tpeak_plus_7,14,42,0.009064660407602787,True
tpeak_plus_7,14,43,0.008385390043258667,True
tpeak_plus_7,14,44,0.007659421768039465,True
tpeak_plus_7,14,45,0.006915107369422913,True
tpeak_plus_7,14,46,0.006177366245537996,True
tpeak_plus_7,14,47,0.005467554088681936,True
tpeak_plus_7,14,48,0.00480519887059927,True
tpeak_plus_7,14,49,0.004172235261648893,True
tpeak_plus_7,14,50,0.0036038768012076616,True
tpeak_plus_7,14,51,0.003077128902077675,True
tpeak_plus_7,14,52,0.0026221959851682186,True
tpeak_plus_7,14,53,0.0022420401219278574,True
tpeak_plus_7,14,54,0.001876563299447298,True
tpeak_plus_7,14,55,0.0015983983175829053,True
tpeak_plus_7,15,42,0.006014709360897541,True
tpeak_plus_7,15,43,0.005324822850525379,True
tpeak_plus_7,15,44,0.004675275646150112,True
tpeak_plus_7,15,45,0.0040719276294112206,True
tpeak_plus_7,15,46,0.0035178407561033964,True
tpeak_plus_7,15,47,0.0030156795401126146,True
tpeak_plus_7,15,48,0.0025689818430691957,True
tpeak_plus_7,15,49,0.002162898425012827,True
tpeak_plus_7,15,50,0.0018119217129424214,True
tpeak_plus_7,15,51,0.0015006918692961335,True
tpeak_plus_7,15,52,0.001240766723640263,True
tpeak_plus_7,15,53,0.0010296773398295045,True
tpeak_plus_7,15,54,0.0008368974667973816,True
tpeak_plus_7,15,55,0.0006926882197149098,True
tpeak_plus_7,16,42,0.010557892732322216,True
tpeak_plus_7,16,43,0.010244661010801792,True
tpeak_plus_7,16,44,0.009819408878684044,True
tpeak_plus_7,16,45,0.009300540201365948,True
tpeak_plus_7,16,46,0.008707496337592602,True
tpeak_plus_7,16,47,0.008063302375376225,True
tpeak_plus_7,16,48,0.007397946901619434,True
tpeak_plus_7,16,49,0.006690262816846371,True
tpeak_plus_7,16,50,0.006005987990647554,True
tpeak_plus_7,16,51,0.005320119205862284,True
tpeak_plus_7,16,52,0.004696936346590519,True
tpeak_plus_7,16,53,0.004156939685344696,True
tpeak_plus_7,16,54,0.0035996348597109318,True
tpeak_plus_7,16,55,0.00317163928411901,True
tpeak_plus_7,17,42,0.0072717550210654736,True
tpeak_plus_7,17,43,0.006521489005535841,True
tpeak_plus_7,17,44,0.005787183064967394,True
tpeak_plus_7,17,45,0.005088003817945719,True
tpeak_plus_7,17,46,0.004435586277395487,True
tpeak_plus_7,17,47,0.0038374229334294796,True
tpeak_plus_7,17,48,0.003300134791061282,True
tpeak_plus_7,17,49,0.0028059016913175583,True
tpeak_plus_7,17,50,0.002374463714659214,True
tpeak_plus_7,17,51,0.0019869401585310698,True
tpeak_plus_7,17,52,0.0016598193906247616,True
tpeak_plus_7,17,53,0.0013914881274104118,True
tpeak_plus_7,17,54,0.0011420904193073511,True
tpeak_plus_7,17,55,0.0009540455066598952,True
tpeak_plus_7,18,42,0.011501823551952839,True
tpeak_plus_7,18,43,0.011479394510388374,True
tpeak_plus_7,18,44,0.011327269487082958,True
tpeak_plus_7,18,45,0.011053596623241901,True
tpeak_plus_7,18,46,0.01066824235022068,True
tpeak_plus_7,18,47,0.010186824016273022,True
tpeak_plus_7,18,48,0.0096366535872221,True
tpeak_plus_7,18,49,0.008981131948530674,True
tpeak_plus_7,18,50,0.008301405236124992,True
tpeak_plus_7,18,51,0.007561843376606703,True
tpeak_plus_7,18,52,0.006855376996099949,True
tpeak_plus_7,18,53,0.006220926996320486,True
tpeak_plus_7,18,54,0.00551585154607892,True
tpeak_plus_7,18,55,0.004970776382833719,True
tpeak_plus_7,19,42,0.008065706118941307,True
tpeak_plus_7,19,43,0.007596865762025118,True
tpeak_plus_7,19,44,0.007063643075525761,True
tpeak_plus_7,19,45,0.006490269210189581,True
tpeak_plus_7,19,46,0.005897860508412123,True
tpeak_plus_7,19,47,0.005305876489728689,True
tpeak_plus_7,19,48,0.004734410438686609,True
tpeak_plus_7,19,49,0.004168233368545771,True
tpeak_plus_7,19,50,0.003645722521468997,True
tpeak_plus_7,19,51,0.003147619776427746,True
tpeak_plus_7,19,52,0.002708461368456483,True
tpeak_plus_7,19,53,0.0023352722637355328,True
tpeak_plus_7,19,54,0.0019685253500938416,True
tpeak_plus_7,19,55,0.0016867060912773013,True
tpeak_plus_7,20,42,0.013400092720985413,True
tpeak_plus_7,20,43,0.013691122643649578,True
tpeak_plus_7,20,44,0.013831334188580513,True
tpeak_plus_7,20,45,0.01381833665072918,True
tpeak_plus_7,20,46,0.013651790097355843,True
tpeak_plus_7,20,47,0.013340167701244354,True
tpeak_plus_7,20,48,0.012910387478768826,True
tpeak_plus_7,20,49,0.012305955402553082,True
tpeak_plus_7,20,50,0.011630941182374954,True
tpeak_plus_7,20,51,0.010831446386873722,True
tpeak_plus_7,20,52,0.010036252439022064,True
tpeak_plus_7,20,53,0.009304418228566647,True
tpeak_plus_7,20,54,0.00842266995459795,True
tpeak_plus_7,20,55,0.007742241024971008,True
tpeak_plus_7,21,42,0.011559744365513325,True
tpeak_plus_7,21,43,0.010625151917338371,True
tpeak_plus_7,21,44,0.009622241370379925,True
tpeak_plus_7,21,45,0.00860394537448883,True
tpeak_plus_7,21,46,0.007613789290189743,True
tpeak_plus_7,21,47,0.006682177539914846,True
tpeak_plus_7,21,48,0.005829760804772377,True
tpeak_plus_7,21,49,0.005028576124459505,True
tpeak_plus_7,21,50,0.004315945785492659,True
tpeak_plus_7,21,51,0.0036610949318856,True
tpeak_plus_7,21,52,0.0030986149795353413,True
tpeak_plus_7,21,53,0.002630897331982851,True
tpeak_plus_7,21,54,0.002186731668189168,True
tpeak_plus_7,21,55,0.0018501437734812498,True
tpeak_plus_7,22,42,0.009144354611635208,True
tpeak_plus_7,22,43,0.00893987063318491,True
tpeak_plus_7,22,44,0.0086358105763793,True
tpeak_plus_7,22,45,0.008247959427535534,True
tpeak_plus_7,22,46,0.007792504504323006,True
tpeak_plus_7,22,47,0.007288077846169472,True
tpeak_plus_7,22,48,0.0067592039704322815,True
tpeak_plus_7,22,49,0.006183492951095104,True
tpeak_plus_7,22,50,0.0056185973808169365,True
tpeak_plus_7,22,51,0.00503940973430872,True
tpeak_plus_7,22,52,0.004505862016230822,True
tpeak_plus_7,22,53,0.004039094317704439,True
tpeak_plus_7,22,54,0.0035427301190793514,True
tpeak_plus_7,22,55,0.003161960281431675,True
tpeak_plus_7,23,42,0.01238222699612379,True
tpeak_plus_7,23,43,0.012811548076570034,True
tpeak_plus_7,23,44,0.013135725632309914,True
tpeak_plus_7,23,45,0.013345402665436268,True
tpeak_plus_7,23,46,0.013432425446808338,True
tpeak_plus_7,23,47,0.01339590921998024,True
tpeak_plus_7,23,48,0.013252790085971355,True
tpeak_plus_7,23,49,0.012933569960296154,True
tpeak_plus_7,23,50,0.01253530289977789,True
tpeak_plus_7,23,51,0.011991133913397789,True
tpeak_plus_7,23,52,0.011434945277869701,True
tpeak_plus_7,23,53,0.010934235528111458,True
tpeak_plus_7,23,54,0.0102336211130023,True
tpeak_plus_7,23,55,0.009750420227646828,True
tpeak_plus_7,24,42,0.01174570620059967,True
tpeak_plus_7,24,43,0.010737196542322636,True
tpeak_plus_7,24,44,0.009660560637712479,True
tpeak_plus_7,24,45,0.008577948436141014,True
tpeak_plus_7,24,46,0.007538557983934879,True
tpeak_plus_7,24,47,0.006573500577360392,True
tpeak_plus_7,24,48,0.005700474604964256,True
tpeak_plus_7,24,49,0.004888677969574928,True
tpeak_plus_7,24,50,0.00417187949642539,True
tpeak_plus_7,24,51,0.003518597921356559,True
tpeak_plus_7,24,52,0.0029610106721520424,True
tpeak_plus_7,24,53,0.002499987371265888,True
tpeak_plus_7,24,54,0.0020666769705712795,True
tpeak_plus_7,24,55,0.001739510684274137,True
tpeak_plus_7,25,42,0.0051080877892673016,True
tpeak_plus_7,25,43,0.0044660186395049095,True
tpeak_plus_7,25,44,0.003874484682455659,True
tpeak_plus_7,25,45,0.0033345778938382864,True
tpeak_plus_7,25,46,0.0028472605627030134,True
tpeak_plus_7,25,47,0.0024133988190442324,True
tpeak_plus_7,25,48,0.002034110249951482,True
tpeak_plus_7,25,49,0.0016957377083599567,True
tpeak_plus_7,25,50,0.0014078001258894801,True
tpeak_plus_7,25,51,0.001156515791080892,True
tpeak_plus_7,25,52,0.0009492429671809077,True
tpeak_plus_7,25,53,0.0007826344226486981,True
tpeak_plus_7,25,54,0.0006324202404357493,True
tpeak_plus_7,25,55,0.0005207275971770287,True
tpeak_plus_7,26,42,0.007819188758730888,True
tpeak_plus_7,26,43,0.006931918207556009,True
tpeak_plus_7,26,44,0.006082096602767706,True
tpeak_plus_7,26,45,0.0052901702001690865,True
tpeak_plus_7,26,46,0.004565277602523565,True
tpeak_plus_7,26,47,0.003911524545401335,True
tpeak_plus_7,26,48,0.003332613967359066,True
tpeak_plus_7,26,49,0.0028082604985684156,True
tpeak_plus_7,26,50,0.0023563771974295378,True
tpeak_plus_7,26,51,0.001956238877028227,True
tpeak_plus_7,26,52,0.0016222841804847121,True
tpeak_plus_7,26,53,0.001350993406958878,True
tpeak_plus_7,26,54,0.0011021781247109175,True
tpeak_plus_7,26,55,0.0009156892774626613,True
tpeak_plus_7,27,42,0.01591666229069233,True
tpeak_plus_7,27,43,0.015148373320698738,True
tpeak_plus_7,27,44,0.014208076521754265,True
tpeak_plus_7,27,45,0.013142154552042484,True
tpeak_plus_7,27,46,0.0120032774284482,True
tpeak_plus_7,27,47,0.01084784884005785,True
tpeak_plus_7,27,48,0.009733562357723713,True
tpeak_plus_7,27,49,0.00863887369632721,True
tpeak_plus_7,27,50,0.007643482182174921,True
tpeak_plus_7,27,51,0.006700565107166767,True
tpeak_plus_7,27,52,0.0058741457760334015,True
tpeak_plus_7,27,53,0.0051739891059696674,True
tpeak_plus_7,27,54,0.00446401396766305,True
tpeak_plus_7,27,55,0.003919579088687897,True
tpeak_plus_7,28,42,0.0113464230671525,True
tpeak_plus_7,28,43,0.011702696792781353,True
tpeak_plus_7,28,44,0.011964288540184498,True
tpeak_plus_7,28,45,0.012126690708100796,True
tpeak_plus_7,28,46,0.012185814790427685,True
tpeak_plus_7,28,47,0.012142729945480824,True
tpeak_plus_7,28,48,0.012012739665806293,True
tpeak_plus_7,28,49,0.01173080038279295,True
tpeak_plus_7,28,50,0.011381321586668491,True
tpeak_plus_7,28,51,0.010899461805820465,True
tpeak_plus_7,28,52,0.010403328575193882,True
tpeak_plus_7,28,53,0.009952298365533352,True
tpeak_plus_7,28,54,0.009313268586993217,True
tpeak_plus_7,28,55,0.008866481482982635,True
tpeak_plus_7,29,42,0.015508812852203846,True
tpeak_plus_7,29,43,0.01462501846253872,True
tpeak_plus_7,29,44,0.013584179803729057,True
tpeak_plus_7,29,45,0.012441753409802914,True
tpeak_plus_7,29,46,0.011257867328822613,True
tpeak_plus_7,29,47,0.010091188363730907,True
tpeak_plus_7,29,48,0.008993925526738167,True
tpeak_plus_7,29,49,0.0079388078302145,True
tpeak_plus_7,29,50,0.0069900499656796455,True
tpeak_plus_7,29,51,0.0060975574888288975,True
tpeak_plus_7,29,52,0.005315985064953566,True
tpeak_plus_7,29,53,0.004652499221265316,True
tpeak_plus_7,29,54,0.003984933253377676,True
tpeak_plus_7,29,55,0.0034708851017057896,True
