Dia,Ground_Truth,LSTM_Pred,SmoothAE_Pred,BasicAE_Pred
0,0.000301184905494054,0.00029790445,0.00030040724,0.00029912405
1,0.0003963152597903459,0.00040980597,0.00042038105,0.00038529112
2,0.0005092228694840924,0.0005486631,0.00062308204,0.0004909387
3,0.0006148579656061527,0.0006957775,0.0007690916,0.00055502186
4,0.0007578840658493049,0.000855964,0.001019002,0.0005168817
5,0.0009169243878967743,0.0010404,0.00023526893,0.00047344103
6,0.0010592893505425001,0.0012882818,0.001454738,0.00016644975
7,0.0011968794305401496,0.0016561167,0.004983077,0.00071540015
8,0.0013155903591446343,0.0020531279,0.006184836,0.00064982165
9,0.0014196093411396537,0.0022237273,0.018770294,0.0
10,0.0015015169434874284,0.0020101008,0.00043608976,6.24339e-05
11,0.0015649126931072726,0.0016344315,0.0012792516,5.5816094e-05
12,0.0016572515775477679,0.0017024241,0.006713913,0.001932862
13,0.0017404079953573452,0.0017727383,0.007312318,0.002168282
14,0.0018379625208441999,0.0017602487,0.0075724004,0.0023159832
15,0.001938749274585136,0.0017217397,0.0026007483,0.0045109843
16,0.0020583417199861896,0.0019178545,0.0054841726,0.0030720895
17,0.0021665479067649067,0.0021845829,0.008562612,0.005480241
18,0.0023304365711935013,0.002422931,0.008997979,0.00485912
19,0.0025012304505285434,0.0025910968,0.009127569,0.0049326336
20,0.002635735221738204,0.0026702117,0.0034665314,0.0044400515
21,0.0027874295704809395,0.0028641596,0.004026474,0.0042481716
22,0.0029253134894107785,0.003199724,0.0066279517,0.0034902398
23,0.003083472294661681,0.0034401256,0.005842071,0.0052615926
24,0.003259261435843942,0.003662777,0.004585426,0.0033795743
25,0.0034026548347523312,0.003982643,0.0018334711,0.0042801737
26,0.0035551572405585867,0.0042173667,0.0031677515,0.0040831785
27,0.0037670151106670865,0.0044510574,0.0043748803,0.0049969433
28,0.0039270838689772205,0.0046570646,0.0035287254,0.004674194
29,0.00411778533596809,0.004778717,0.0033138923,0.0048034866
30,0.004246046029868727,0.0048077,0.0012960549,0.0038358697
31,0.0044148564964114935,0.004877587,0.0021018048,0.00463495
32,0.004589837580530232,0.0050633354,0.0038890606,0.00580618
33,0.0047310271874472,0.005303968,0.0037662534,0.006029323
34,0.0049580912222964985,0.005596047,0.0035818506,0.0059148003
35,0.005108389836111335,0.005807115,0.0041025914,0.0056981463
36,0.005281460967170847,0.005994359,0.0050670765,0.005164019
37,0.005394148197665447,0.0061555807,0.0057608946,0.0056462274
38,0.005523290408362658,0.006376021,0.0059945467,0.005880168
39,0.005689162485583528,0.0065535936,0.0060749054,0.0049217963
40,0.005843942143114253,0.0066478685,0.006341937,0.0053797737
41,0.005962506152252642,0.006744646,0.007961435,0.0050479188
42,0.006063807124124909,0.007136691,0.0075875213,0.0050863572
43,0.006199193412131141,0.0074496944,0.0070976703,0.0047705243
44,0.006380932791690238,0.007707178,0.0065211183,0.004658245
45,0.006551800130758325,0.007906936,0.0065425904,0.004529898
46,0.00669835229818775,0.008048242,0.006853177,0.0041364343
47,0.006792086917556146,0.00813438,0.0072057624,0.003954573
48,0.006835575079520164,0.008177929,0.007071392,0.004462351
49,0.006931733870079116,0.008134778,0.0068519525,0.009160873
50,0.007009674646842332,0.008060203,0.0065721152,0.015559427
51,0.007038103563531648,0.00790302,0.0069597615,0.008068592
52,0.007136172307149833,0.007740493,0.007412608,0.0042984416
53,0.007181643881906135,0.0076119574,0.007409117,0.003064523
54,0.007201257630629771,0.007331137,0.0075242487,0.0030984269
55,0.00715563913640738,0.007187524,0.008374882,0.002900696
56,0.007155492216941286,0.007431367,0.00745694,0.0030842219
57,0.00714814624363655,0.007572234,0.00676816,0.0023707675
58,0.007085705470546323,0.007724097,0.006368049,0.002204294
59,0.007064034849297358,0.00782322,0.0060067717,0.0026200993
60,0.007016579861748779,0.007872622,0.005625834,0.0027099627
61,0.00697419359578047,0.007824793,0.005670936,0.0022065244
62,0.0068864092147889085,0.007697059,0.005732692,0.0022587385
63,0.006816475548927857,0.0075435997,0.0053110034,0.0020448705
64,0.006705330972827244,0.007374143,0.0050843395,0.0019258253
65,0.00657420534933776,0.007238843,0.004851148,0.0017639262
66,0.006457992051656885,0.007019686,0.004851427,0.0016521345
67,0.00630071476320255,0.006809172,0.004686834,0.0017447016
68,0.006176347435153421,0.0065801907,0.0044941693,0.0014680997
69,0.006028105693863906,0.006329178,0.0042614117,0.0014364041
70,0.005869946888613008,0.0061502606,0.0041200826,0.001277767
71,0.005716856804942368,0.005854102,0.0039396044,0.0015641563
72,0.00556942312071638,0.0055283583,0.0037876514,0.0012226914
73,0.0053970131272542965,0.0054162694,0.0035809209,0.0013268596
74,0.005227541523114105,0.005383968,0.0033556907,0.0013609113
75,0.0050733495434477595,0.005247069,0.003254653,0.0012965364
76,0.004877652814609671,0.0051784418,0.0031667007,0.0011851382
77,0.00475930918467042,0.0050495686,0.0030681295,0.0010564276
78,0.00460203189621609,0.00485815,0.0028435981,0.0010187951
79,0.00449580912222965,0.0047285566,0.0026550977,0.00096308027
80,0.004358880179829429,0.0046068868,0.0025863745,0.0008882326
81,0.004233264036318494,0.0044836714,0.0024987524,0.0008353435
82,0.004108602869337172,0.0043162,0.002414077,0.00074059254
83,0.003948166812361802,0.0042068926,0.002301835,0.00078842853
84,0.003800071990538387,0.0040809787,0.0021720964,0.0007458048
85,0.0036056240771621044,0.0039391383,0.0021026689,0.0006624182
86,0.00345965958759706,0.0037930189,0.0020535204,0.00064285885
87,0.003354171410941092,0.003677833,0.001999514,0.00067366695
88,0.0031418727824343096,0.0034654303,0.0018128311,0.00063654885
89,0.002988635779297578,0.0033565855,0.0016937854,0.0006168746
90,0.0028566286390115264,0.0031376735,0.0016637137,0.00055433175
91,0.002765685489498931,0.0029518907,0.0016632371,0.0005109808
92,0.002663503000830095,0.0027618897,0.0015771644,0.00060192536
93,0.0025333323538702266,0.0026125964,0.0014380418,0.0006177269
94,0.002414254126600504,0.0024411886,0.0012693487,0.0005322162
95,0.002327057423473322,0.0023094465,0.0012678554,0.00042066327
96,0.0022325147470414093,0.0022004286,0.0012545475,0.0003943155
97,0.0021101308317845575,0.0020489467,0.0012823499,0.00042543898
98,0.002000602369810988,0.0019026028,0.0011038717,0.00037838012
99,0.001887107082252863,0.0017404268,0.0009330112,0.00035470317
